专科ID,专科名称,专科排名,医院名称,声誉得分
1,"重症医学","1","中国医学科学院北京协和医院",10.725
1,"重症医学","2","东南大学附属中大医院",9.522
1,"重症医学","3","四川大学华西医院",7.754
1,"重症医学","4","中山大学附属第一医院",6.493
1,"重症医学","5","上海交通大学医学院附属瑞金医院",5.928
1,"重症医学","6","哈尔滨医科大学附属第一医院",5.768
1,"重症医学","7","中国医科大学附属第一医院",3.522
1,"重症医学","8","中南大学湘雅医院",2
1,"重症医学","9","武汉大学中南医院",1.884
1,"重症医学","10","中国人民解放军东部战区总医院",1.565
3,"整形外科","1","上海交通大学医学院附属第九人民医院",10.814
3,"整形外科","2","中国医学科学院整形外科医院",10.052
3,"整形外科","3","南方医科大学南方医院",6.289
3,"整形外科","4","中国医学科学院北京协和医院",5.825
3,"整形外科","5","空军军医大学第一附属医院（西京医院）",4.588
3,"整形外科","6","华中科技大学同济医学院附属协和医院",4.515
3,"整形外科","7","复旦大学附属中山医院",2.753
3,"整形外科","8","中国医科大学附属第一医院",1.835
3,"整形外科","9","北京大学第三医院",1.629
3,"整形外科","10","陆军军医大学第一附属医院",1.402
4,"眼科","1","中山大学中山眼科中心",11
4,"眼科","2","首都医科大学附属北京同仁医院",9.279
4,"眼科","3","复旦大学附属眼耳鼻喉科医院",7.93
4,"眼科","4","浙江大学医学院附属第二医院",6.558
4,"眼科","5","温州医科大学附属眼视光医院",5.733
4,"眼科","6","中国医学科学院北京协和医院",4.302
4,"眼科","7","上海交通大学医学院附属第九人民医院",3.349
4,"眼科","8","上海市第一人民医院",2.884
4,"眼科","9","天津市眼科医院",2.244
4,"眼科","10","北京大学人民医院",1.488
5,"血液科","1","中国医学科学院血液病医院（血液学研究所）",10.337
5,"血液科","2","北京大学人民医院",9.856
5,"血液科","3","上海交通大学医学院附属瑞金医院",8.481
5,"血液科","4","苏州大学附属第一医院",8.029
5,"血液科","5","华中科技大学同济医学院附属协和医院",5.423
5,"血液科","6","浙江大学医学院附属第一医院",5.183
5,"血液科","7","中国医学科学院北京协和医院",2.856
5,"血液科","8","南方医科大学南方医院",2.798
5,"血液科","9","陆军军医大学第二附属医院",1.981
5,"血液科","10","山东大学齐鲁医院",1.817
6,"胸外科","1","中国医学科学院肿瘤医院",11.224
6,"胸外科","2","上海市肺科医院",8.653
6,"胸外科","3","上海交通大学医学院附属胸科医院",8.122
6,"胸外科","4","四川大学华西医院",6.959
6,"胸外科","5","广州医科大学附属第一医院",5.735
6,"胸外科","6","复旦大学附属中山医院",4.347
6,"胸外科","7","北京大学人民医院",3.469
6,"胸外科","8","中山大学肿瘤防治中心",2.612
6,"胸外科","9","上海交通大学医学院附属瑞金医院",2.184
6,"胸外科","10","复旦大学附属肿瘤医院",1.592
7,"心血管病","1","中国医学科学院阜外医院",10.411
7,"心血管病","2","复旦大学附属中山医院",9.402
7,"心血管病","3","首都医科大学附属北京安贞医院",8.009
7,"心血管病","4","中国人民解放军北部战区总医院",5.277
7,"心血管病","5","浙江大学医学院附属第二医院",4.464
7,"心血管病","6","广东省人民医院",3.411
7,"心血管病","7","四川大学华西医院",3.063
7,"心血管病","8","哈尔滨医科大学附属第二医院",3.018
7,"心血管病","9","北京大学第一医院",2.045
7,"心血管病","10","上海交通大学医学院附属瑞金医院",1.768
8,"心外科","1","中国医学科学院阜外医院",11.3
8,"心外科","2","首都医科大学附属北京安贞医院",8.9
8,"心外科","3","复旦大学附属中山医院",7.225
8,"心外科","4","华中科技大学同济医学院附属协和医院",7.05
8,"心外科","5","广东省人民医院",5.725
8,"心外科","6","空军军医大学第一附属医院（西京医院）",3.8
8,"心外科","7","四川大学华西医院",3.525
8,"心外科","8","上海交通大学医学院附属上海儿童医学中心",2.025
8,"心外科","9","中南大学湘雅二医院",2
8,"心外科","10","福建医科大学附属协和医院",1.125
9,"小儿外科","1","首都医科大学附属北京儿童医院",10.982
9,"小儿外科","2","复旦大学附属儿科医院",8.964
9,"小儿外科","3","重庆医科大学附属儿童医院",6.4
9,"小儿外科","4","浙江大学医学院附属儿童医院",5.818
9,"小儿外科","5","广州市妇女儿童医疗中心",5.455
9,"小儿外科","6","中国医科大学附属盛京医院",5.418
9,"小儿外科","7","华中科技大学同济医学院附属同济医院",4.673
9,"小儿外科","8","上海交通大学医学院附属新华医院",3.455
9,"小儿外科","9","上海交通大学医学院附属上海儿童医学中心",3.145
9,"小儿外科","10","首都儿科研究所",1.309
10,"小儿内科","1","复旦大学附属儿科医院",10.935
10,"小儿内科","2","首都医科大学附属北京儿童医院",10.043
10,"小儿内科","3","重庆医科大学附属儿童医院",7.761
10,"小儿内科","4","浙江大学医学院附属儿童医院",7.391
10,"小儿内科","5","上海交通大学医学院附属上海儿童医学中心",6
10,"小儿内科","6","北京大学第一医院",4.011
10,"小儿内科","7","上海交通大学医学院附属新华医院",3.652
10,"小儿内科","8","四川大学华西第二医院",3.174
10,"小儿内科","9","广州市妇女儿童医疗中心",3.12
10,"小儿内科","10","中国医科大学附属盛京医院",1.891
11,"消化科","1","上海交通大学医学院附属仁济医院",8.731
11,"消化科","2","中国医学科学院北京协和医院",8.496
11,"消化科","3","海军军医大学第一附属医院",7.126
11,"消化科","4","中国人民解放军总医院",5.874
11,"消化科","5","空军军医大学第一附属医院（西京医院）",5.546
11,"消化科","6","四川大学华西医院",4.521
11,"消化科","7","首都医科大学附属北京友谊医院",4.092
11,"消化科","8","中山大学附属第一医院",3.555
11,"消化科","9","复旦大学附属中山医院",1.933
11,"消化科","10","南方医科大学南方医院",1.756
12,"生殖医学","1","北京大学第三医院",10.167
12,"生殖医学","2","郑州大学第一附属医院",7.667
12,"生殖医学","3","山东大学附属生殖医院",7.019
12,"生殖医学","4","中信湘雅生殖与遗传专科医院",5.87
12,"生殖医学","5","中山大学附属第一医院",4.907
12,"生殖医学","6","南京大学医学院附属鼓楼医院",4.833
12,"生殖医学","7","重庆市妇幼保健院",4.407
12,"生殖医学","8","华中科技大学同济医学院附属同济医院",3.278
12,"生殖医学","9","上海交通大学医学院附属仁济医院",2.407
12,"生殖医学","10","浙江大学医学院附属妇产科医院",1.259
13,"肾脏病","1","北京大学第一医院",9.907
13,"肾脏病","2","中国人民解放军东部战区总医院",7.151
13,"肾脏病","3","中国人民解放军总医院",6.86
13,"肾脏病","4","南方医科大学南方医院",5.698
13,"肾脏病","5","浙江大学医学院附属第一医院",4.674
13,"肾脏病","6","中国医学科学院北京协和医院",4.314
13,"肾脏病","7","上海交通大学医学院附属瑞金医院",3.116
13,"肾脏病","8","中山大学附属第一医院",3.047
13,"肾脏病","9","四川大学华西医院",2.674
13,"肾脏病","10","复旦大学附属中山医院",2.442
14,"神经外科","1","首都医科大学附属北京天坛医院",11.418
14,"神经外科","2","复旦大学附属华山医院",9.967
14,"神经外科","3","四川大学华西医院",6.473
14,"神经外科","4","首都医科大学宣武医院",5.56
14,"神经外科","5","浙江大学医学院附属第二医院",4.516
14,"神经外科","6","天津医科大学总医院",4.154
14,"神经外科","7","中国人民解放军总医院",3.824
14,"神经外科","8","空军军医大学第二附属医院（唐都医院）",2.527
14,"神经外科","9","中日友好医院",2.099
14,"神经外科","10","中南大学湘雅医院",1.857
15,"神经内科","1","中国医学科学院北京协和医院",9.33
15,"神经内科","2","首都医科大学附属北京天坛医院",8.574
15,"神经内科","3","复旦大学附属华山医院",7.417
15,"神经内科","4","首都医科大学宣武医院",6.2
15,"神经内科","5","四川大学华西医院",4.652
15,"神经内科","6","中山大学附属第一医院",4.165
15,"神经内科","7","上海交通大学医学院附属瑞金医院",3.47
15,"神经内科","8","中南大学湘雅医院",3.374
15,"神经内科","9","福建医科大学附属第一医院",3.122
15,"神经内科","10","中国人民解放军总医院",2.313
16,"烧伤科","1","陆军军医大学第一附属医院",10.777
16,"烧伤科","2","中国人民解放军总医院",8.485
16,"烧伤科","3","上海交通大学医学院附属瑞金医院",8.194
16,"烧伤科","4","海军军医大学第一附属医院",7.447
16,"烧伤科","5","北京积水潭医院",6.301
16,"烧伤科","6","空军军医大学第一附属医院（西京医院）",5.223
16,"烧伤科","7","浙江大学医学院附属第二医院",3.66
16,"烧伤科","8","南昌大学第一附属医院",2.126
16,"烧伤科","9","武汉市第三医院暨武汉大学附属同仁医院",1.874
16,"烧伤科","10","江南大学附属医院",1.223
17,"普通外科","1","中国医学科学院北京协和医院",10.649
17,"普通外科","2","复旦大学附属中山医院",8.901
17,"普通外科","3","四川大学华西医院",7.613
17,"普通外科","4","中国人民解放军总医院",5.811
17,"普通外科","5","上海交通大学医学院附属瑞金医院",5.477
17,"普通外科","6","华中科技大学同济医学院附属同济医院",4.027
17,"普通外科","7","浙江大学医学院附属第一医院",3.658
17,"普通外科","8","中山大学附属第一医院",2.73
17,"普通外科","9","浙江大学医学院附属第二医院",2.126
17,"普通外科","10","北京大学人民医院",1.216
18,"皮肤科","1","复旦大学附属华山医院",9.76
18,"皮肤科","2","中国医学科学院皮肤病医院（研究所）",8.57
18,"皮肤科","3","空军军医大学第一附属医院（西京医院）",7.49
18,"皮肤科","4","北京大学第一医院",6.59
18,"皮肤科","5","中南大学湘雅医院",6.02
18,"皮肤科","6","中国医科大学附属第一医院",5.62
18,"皮肤科","7","上海交通大学医学院附属瑞金医院",3.58
18,"皮肤科","8","中国医学科学院北京协和医院",2.88
18,"皮肤科","9","中南大学湘雅二医院",1.34
18,"皮肤科","10","四川大学华西医院",0.99
19,"内分泌科","1","上海交通大学医学院附属瑞金医院",10.664
19,"内分泌科","2","中国医学科学院北京协和医院",9.909
19,"内分泌科","3","中国人民解放军总医院",6.2
19,"内分泌科","4","中南大学湘雅二医院",4.391
19,"内分泌科","5","中国医科大学附属第一医院",4.182
19,"内分泌科","6","山东第一医科大学附属省立医院（山东省立医院）",3.973
19,"内分泌科","7","上海市第六人民医院",3.509
19,"内分泌科","8","四川大学华西医院",3.382
19,"内分泌科","9","中山大学附属第一医院",2.055
19,"内分泌科","10","复旦大学附属中山医院",1.936
20,"泌尿外科","1","中国人民解放军总医院",9.905
20,"泌尿外科","2","北京大学第一医院",7.595
20,"泌尿外科","3","四川大学华西医院",7.459
20,"泌尿外科","4","中山大学孙逸仙纪念医院",6.23
20,"泌尿外科","5","华中科技大学同济医学院附属同济医院",4.486
20,"泌尿外科","6","海军军医大学第一附属医院",4.068
20,"泌尿外科","7","上海交通大学医学院附属仁济医院",3.527
20,"泌尿外科","8","浙江大学医学院附属第一医院",2.149
20,"泌尿外科","9","中国医学科学院北京协和医院",1.932
20,"泌尿外科","10","天津医科大学第二医院",1.149
21,"麻醉科","1","四川大学华西医院",9.927
21,"麻醉科","2","中国医学科学院北京协和医院",8.258
21,"麻醉科","3","空军军医大学第一附属医院（西京医院）",5.565
21,"麻醉科","4","上海交通大学医学院附属仁济医院",5.274
21,"麻醉科","5","中国人民解放军总医院",5.185
21,"麻醉科","6","复旦大学附属中山医院",4.661
21,"麻醉科","7","华中科技大学同济医学院附属协和医院",3.282
21,"麻醉科","8","南方医科大学南方医院",2.427
21,"麻醉科","9","上海交通大学医学院附属瑞金医院",2.282
21,"麻醉科","10","郑州大学第一附属医院",2.25
22,"临床药学","1","北京大学第三医院",8.716
22,"临床药学","2","华中科技大学同济医学院附属协和医院",7.625
22,"临床药学","3","四川省人民医院",6.193
22,"临床药学","4","郑州大学第一附属医院",6.068
22,"临床药学","5","中南大学湘雅二医院",5.784
22,"临床药学","6","浙江大学医学院附属第一医院",5.409
22,"临床药学","7","中国医学科学院北京协和医院",4.091
22,"临床药学","8","空军军医大学第一附属医院（西京医院）",2.955
22,"临床药学","9","中山大学附属第一医院",1.739
22,"临床药学","10","南京大学医学院附属鼓楼医院",1.307
24,"口腔科","1","北京大学口腔医院",10.558
24,"口腔科","2","四川大学华西口腔医院",10.395
24,"口腔科","3","上海交通大学医学院附属第九人民医院",8.709
24,"口腔科","4","空军军医大学第三附属医院（口腔医院）",7.256
24,"口腔科","5","武汉大学口腔医院",6.779
24,"口腔科","6","中山大学光华口腔医学院附属口腔医院",4.895
24,"口腔科","7","首都医科大学附属北京口腔医院",4.64
24,"口腔科","8","南京医科大学附属口腔医院（江苏省口腔医院）",3.244
24,"口腔科","9","浙江大学医学院附属口腔医院",1.523
24,"口腔科","10","中国医科大学附属口腔医院",1.395
25,"康复医学","1","四川大学华西医院",9.678
25,"康复医学","2","复旦大学附属华山医院",9.411
25,"康复医学","3","江苏省人民医院（南京医科大学第一附属医院）",7.322
25,"康复医学","4","中国康复研究中心(北京博爱医院)",5.6
25,"康复医学","5","山东大学齐鲁医院",5.078
25,"康复医学","6","华中科技大学同济医学院附属同济医院",4.9
25,"康复医学","7","中山大学附属第三医院",3.767
25,"康复医学","8","北京大学第三医院",3.689
25,"康复医学","9","陆军军医大学第一附属医院",1.667
25,"康复医学","10","南方医科大学珠江医院",1.611
26,"精神医学","1","北京大学第六医院",11
26,"精神医学","2","上海市精神卫生中心",9.621
26,"精神医学","3","中南大学湘雅二医院",8.776
26,"精神医学","4","四川大学华西医院",6.603
26,"精神医学","5","首都医科大学附属北京安定医院",6.259
26,"精神医学","6","广州医科大学附属脑科医院",4.259
26,"精神医学","7","南京脑科医院",4.069
26,"精神医学","8","武汉大学人民医院",2.552
26,"精神医学","9","北京回龙观医院",2.448
26,"精神医学","10","西安交通大学第一附属医院",0.914
27,"健康管理","1","中国人民解放军总医院",9.256
27,"健康管理","2","四川省人民医院",8.678
27,"健康管理","3","江苏省人民医院（南京医科大学第一附属医院）",6.347
27,"健康管理","4","浙江大学医学院附属第二医院",5.603
27,"健康管理","5","青岛大学附属医院",5.174
27,"健康管理","6","中南大学湘雅医院",3.81
27,"健康管理","7","中南大学湘雅三医院",3.397
27,"健康管理","8","中国科学技术大学附属第一医院（安徽省立医院）",2.727
27,"健康管理","9","深圳市人民医院",1.967
27,"健康管理","10","四川大学华西医院",1.298
28,"检验医学","1","中国医科大学附属第一医院",9.793
28,"检验医学","2","中国医学科学院北京协和医院",8.768
28,"检验医学","3","四川大学华西医院",5.793
28,"检验医学","4","复旦大学附属中山医院",4.902
28,"检验医学","5","中国人民解放军总医院",4.732
28,"检验医学","6","南方医科大学南方医院",2.915
28,"检验医学","7","陆军军医大学第一附属医院",2.549
28,"检验医学","8","复旦大学附属华山医院",2.415
28,"检验医学","9","上海交通大学医学院附属瑞金医院",2.293
28,"检验医学","10","山东大学第二医院",2.28
29,"急诊医学","1","中国医学科学院北京协和医院",10.463
29,"急诊医学","2","山东大学齐鲁医院",7.195
29,"急诊医学","3","四川大学华西医院",6.732
29,"急诊医学","4","浙江大学医学院附属第二医院",5.902
29,"急诊医学","5","上海交通大学医学院附属瑞金医院",4.159
29,"急诊医学","6","首都医科大学附属北京朝阳医院",4.098
29,"急诊医学","7","中日友好医院",3.756
29,"急诊医学","8","四川省人民医院",3.061
29,"急诊医学","9","中国人民解放军总医院",2.317
29,"急诊医学","10","郑州大学第一附属医院",1.988
30,"呼吸科","1","广州医科大学附属第一医院",10.731
30,"呼吸科","2","中日友好医院",9.026
30,"呼吸科","3","四川大学华西医院",7.231
30,"呼吸科","4","中国医学科学院北京协和医院",6.795
30,"呼吸科","5","上海交通大学医学院附属瑞金医院",6.769
30,"呼吸科","6","复旦大学附属中山医院",5.423
30,"呼吸科","7","中国人民解放军总医院",3.974
30,"呼吸科","8","华中科技大学同济医学院附属同济医院",2.449
30,"呼吸科","9","浙江大学医学院附属第二医院",1.949
30,"呼吸科","10","首都医科大学附属北京朝阳医院",1.769
31,"核医学","1","中国医学科学院北京协和医院",9.975
31,"核医学","2","华中科技大学同济医学院附属协和医院",7.696
31,"核医学","3","复旦大学附属中山医院",7.43
31,"核医学","4","空军军医大学第一附属医院（西京医院）",6.013
31,"核医学","5","中国人民解放军总医院",5.759
31,"核医学","6","四川大学华西医院",5.228
31,"核医学","7","山西医科大学第一医院",4.468
31,"核医学","8","中国医科大学附属第一医院",2.43
31,"核医学","9","上海交通大学医学院附属仁济医院",2
31,"核医学","10","上海交通大学医学院附属瑞金医院",1.949
32,"骨科","1","北京积水潭医院",10.592
32,"骨科","2","上海市第六人民医院",8
32,"骨科","3","中国人民解放军总医院",7.549
32,"骨科","4","北京大学第三医院",5.887
32,"骨科","5","中国医学科学院北京协和医院",5.606
32,"骨科","6","四川大学华西医院",4.056
32,"骨科","7","河北医科大学第三医院",3.437
32,"骨科","8","海军军医大学第二附属医院",2.676
32,"骨科","9","北京大学人民医院",1.817
32,"骨科","10","西安市红会医院",1.31
33,"妇产科","1","中国医学科学院北京协和医院",10.615
33,"妇产科","2","华中科技大学同济医学院附属同济医院",7.577
33,"妇产科","3","复旦大学附属妇产科医院",7.385
33,"妇产科","4","北京大学第三医院",6.788
33,"妇产科","5","浙江大学医学院附属妇产科医院",5.442
33,"妇产科","6","山东大学齐鲁医院",3.75
33,"妇产科","7","四川大学华西第二医院",3.731
33,"妇产科","8","北京大学人民医院",3.481
33,"妇产科","9","中山大学附属第一医院",1.769
33,"妇产科","10","上海交通大学医学院附属仁济医院",1.75
34,"风湿科","1","中国医学科学院北京协和医院",11.658
34,"风湿科","2","北京大学人民医院",8.492
34,"风湿科","3","上海交通大学医学院附属仁济医院",8.108
34,"风湿科","4","南京大学医学院附属鼓楼医院",4.592
34,"风湿科","5","上海交通大学医学院附属瑞金医院",3.925
34,"风湿科","6","四川大学华西医院",3.9
34,"风湿科","7","中国人民解放军总医院",3.333
34,"风湿科","8","哈尔滨医科大学附属第一医院",2.642
34,"风湿科","9","北京大学第一医院",1.808
34,"风湿科","10","中山大学附属第三医院",1.658
35,"放射科","1","中国医学科学院北京协和医院",9.301
35,"放射科","2","四川大学华西医院",8.783
35,"放射科","3","上海交通大学医学院附属瑞金医院",5.843
35,"放射科","4","中国人民解放军总医院",5.819
35,"放射科","5","东南大学附属中大医院",4.313
35,"放射科","6","中国人民解放军东部战区总医院",3.325
35,"放射科","7","广东省人民医院",2.687
35,"放射科","8","海军军医大学第二附属医院",2.627
35,"放射科","9","复旦大学附属华山医院",2.53
35,"放射科","10","复旦大学附属中山医院",2.518
36,"耳鼻喉科","1","复旦大学附属眼耳鼻喉科医院",10.744
36,"耳鼻喉科","2","首都医科大学附属北京同仁医院",8.884
36,"耳鼻喉科","3","中国人民解放军总医院",8.616
36,"耳鼻喉科","4","中国医学科学院北京协和医院",5.651
36,"耳鼻喉科","5","中山大学附属第一医院",5.093
36,"耳鼻喉科","6","上海交通大学医学院附属第九人民医院",4.326
36,"耳鼻喉科","7","上海市第六人民医院",3.023
36,"耳鼻喉科","8","华中科技大学同济医学院附属协和医院",2.686
36,"耳鼻喉科","9","中南大学湘雅医院",2.151
36,"耳鼻喉科","10","山东省耳鼻喉医院（山东省第二人民医院）",1.779
37,"传染感染科","1","复旦大学附属华山医院",10.409
37,"传染感染科","2","浙江大学医学院附属第一医院",8.83
37,"传染感染科","3","中国医学科学院北京协和医院",7.205
37,"传染感染科","4","南方医科大学南方医院",6.614
37,"传染感染科","5","上海交通大学医学院附属瑞金医院",3.784
37,"传染感染科","6","四川大学华西医院",3.727
37,"传染感染科","7","中国人民解放军总医院",2.966
37,"传染感染科","8","华中科技大学同济医学院附属同济医院",2.727
37,"传染感染科","9","北京大学第一医院",2.659
37,"传染感染科","10","中山大学附属第三医院",1.898
38,"超声医学","1","中国人民解放军总医院",10.088
38,"超声医学","2","中国医学科学院北京协和医院",8.352
38,"超声医学","3","四川大学华西医院",6.209
38,"超声医学","4","复旦大学附属中山医院",4.989
38,"超声医学","5","华中科技大学同济医学院附属协和医院",4.396
38,"超声医学","6","浙江大学医学院附属第一医院",4.022
38,"超声医学","7","浙江大学医学院附属第二医院",3.835
38,"超声医学","8","中山大学附属第一医院",2.923
38,"超声医学","9","上海市第六人民医院",2.484
38,"超声医学","10","上海交通大学医学院附属瑞金医院",2.077
39,"病理科","1","中国医学科学院北京协和医院",10.256
39,"病理科","2","复旦大学附属肿瘤医院",9.511
39,"病理科","3","四川大学华西医院",8.367
39,"病理科","4","陆军军医大学第一附属医院",5.511
39,"病理科","5","中国人民解放军总医院",4.911
39,"病理科","6","中南大学湘雅医院",3.522
39,"病理科","7","南方医科大学南方医院",3.4
39,"病理科","8","空军军医大学第一附属医院（西京医院）",3.311
39,"病理科","9","北京大学第三医院",2.633
39,"病理科","10","中山大学附属第一医院",2.089
40,"变态反应","1","中国医学科学院北京协和医院",10.714
40,"变态反应","2","首都医科大学附属北京同仁医院",7.667
40,"变态反应","3","首都医科大学附属北京世纪坛医院",6.651
40,"变态反应","4","江苏省人民医院（南京医科大学第一附属医院）",5.556
40,"变态反应","5","广州医科大学附属第一医院",5.111
40,"变态反应","6","华中科技大学同济医学院附属同济医院",4.698
40,"变态反应","7","上海交通大学医学院附属仁济医院",3.397
40,"变态反应","8","广州医科大学附属第二医院",3.222
40,"变态反应","9","中国医科大学附属盛京医院",2.27
40,"变态反应","10","中山大学附属第三医院",1.175
42,"全科医学","1","复旦大学附属中山医院",9.709
42,"全科医学","2","北京大学第一医院",8.101
42,"全科医学","3","中国医科大学附属第一医院",6.557
42,"全科医学","4","浙江大学医学院附属邵逸夫医院",6.494
42,"全科医学","5","浙江大学医学院附属第一医院",5.076
42,"全科医学","6","首都医科大学附属复兴医院",4.089
42,"全科医学","7","哈尔滨医科大学附属第二医院",2.949
42,"全科医学","8","四川大学华西医院",2.481
42,"全科医学","9","河南省人民医院",2.203
42,"全科医学","10","四川省人民医院",1.835
43,"结核病","1","首都医科大学附属北京胸科医院",10.864
43,"结核病","2","上海市肺科医院",8.955
43,"结核病","3","深圳市第三人民医院",6.205
43,"结核病","4","广州市胸科医院",4.568
43,"结核病","5","上海市（复旦大学附属）公共卫生临床中心",4.205
43,"结核病","6","复旦大学附属华山医院",2.568
43,"结核病","7","武汉市肺科医院",2.523
43,"结核病","8","山东省公共卫生临床中心",2.432
43,"结核病","9","四川大学华西医院",1.886
43,"结核病","10","中国人民解放军总医院",1.568
45,"疼痛学","1","中日友好医院",9.909
45,"疼痛学","2","南昌大学第一附属医院",7.766
45,"疼痛学","3","山东第一医科大学附属省立医院（山东省立医院）",5.753
45,"疼痛学","4","华中科技大学协和深圳医院",4.286
45,"疼痛学","5","四川大学华西医院",4.182
45,"疼痛学","6","上海交通大学医学院附属新华医院",3.208
45,"疼痛学","7","浙江大学医学院附属第一医院",2.506
45,"疼痛学","8","北京大学第三医院",2.013
45,"疼痛学","9","南京大学医学院附属鼓楼医院",1.831
45,"疼痛学","10","中国医科大学附属第一医院",1.519
46,"运动医学","1","北京大学第三医院",10.895
46,"运动医学","2","复旦大学附属华山医院",9.14
46,"运动医学","3","北京积水潭医院",8.298
46,"运动医学","4","四川大学华西医院",5.842
46,"运动医学","5","上海市第六人民医院",5.491
46,"运动医学","6","中国人民解放军总医院",3.053
46,"运动医学","7","南京大学医学院附属鼓楼医院",2.404
46,"运动医学","8","中南大学湘雅医院",2.316
46,"运动医学","9","陆军军医大学第一附属医院",1.86
46,"运动医学","10","中国医科大学附属盛京医院",1.316
47,"罕见病","1","中国医学科学院北京协和医院",10.492
47,"罕见病","2","浙江大学医学院附属第二医院",6.295
47,"罕见病","3","北京大学第一医院",4.967
47,"罕见病","4","福建医科大学附属第一医院",4.754
47,"罕见病","5","复旦大学附属儿科医院",3.951
47,"罕见病","5","四川大学华西医院",3.951
47,"罕见病","7","华中科技大学同济医学院附属同济医院",3.787
47,"罕见病","8","广州市妇女儿童医疗中心",2.443
47,"罕见病","9","上海交通大学医学院附属新华医院",2.213
47,"罕见病","10","中南大学湘雅医院",2.115
